id,window_id,member_id,payload,submitted_at
b262ce4c-b18a-4874-9f15-d6aedc8dca41,bfb8ed40-bc40-4b84-a955-43cd783ea55b,1a35f790-9ef7-482d-a052-d8da61f982aa,"{'series': {'play_in-east-9v10': {'winner': 'CHA', 'exact_result': '1-0'}}}",2026-04-14T10:12:59.890562+00:00
1f6946bb-bdbe-4941-903b-05da25b95166,4bc26f03-a223-4aaf-8cd2-dd5cf28c87ca,1a35f790-9ef7-482d-a052-d8da61f982aa,"{'series': {'play_in-west-7v8': {'winner': 'POR', 'exact_result': '1-0'}}}",2026-04-14T10:12:59.902035+00:00
d51e5d15-0cd7-465c-9252-cf9b9e46131e,a4aec326-554a-4f85-a64e-e2c23743d675,1a35f790-9ef7-482d-a052-d8da61f982aa,"{'series': {'play_in-east-7v8': {'winner': 'PHI', 'exact_result': '1-0'}}}",2026-04-14T10:12:59.902041+00:00
de83e09d-2d16-4759-862d-f20ae999c75d,a7845557-892c-4f2c-8b72-b586b79f45f3,1a35f790-9ef7-482d-a052-d8da61f982aa,"{'series': {'play_in-west-9v10': {'winner': 'LAC', 'exact_result': '1-0'}}}",2026-04-14T10:12:59.902044+00:00
774de1ec-86f7-4385-8933-bb9b0ddfa827,4bc26f03-a223-4aaf-8cd2-dd5cf28c87ca,f920aeb6-b889-491c-b56c-b222832a72e3,"{'series': {'play_in-west-7v8': {'winner': 'POR', 'exact_result': '1-0'}}}",2026-04-14T10:47:54.694965+00:00
11ef39c3-5133-4dfb-a568-f77601ddcfa7,a4aec326-554a-4f85-a64e-e2c23743d675,e1e1ee61-376a-4104-b3f4-77920a15cf52,"{'series': {'play_in-east-7v8': {'winner': 'PHI', 'exact_result': '1-0'}}}",2026-04-15T13:48:09.736751+00:00
472b71ce-677a-41bf-a56d-9b487e7a5622,bf62368b-a5ac-47b4-aa7f-249fd01c107c,e1e1ee61-376a-4104-b3f4-77920a15cf52,"{'conference_finalists': {'East': 'BOS', 'West': 'DEN'}, 'nba_finalists': {'East': 'DET', 'West': 'OKC'}, 'champion': 'OKC', 'finals_mvp': 'Shai Gilgeous-Alexander'}",2026-04-18T10:49:46.745673+00:00
3328e164-29f0-4443-9a63-cb021d679775,bfb8ed40-bc40-4b84-a955-43cd783ea55b,f920aeb6-b889-491c-b56c-b222832a72e3,"{'series': {'play_in-east-9v10': {'winner': 'CHA', 'exact_result': '1-0'}}}",2026-04-14T10:47:54.693876+00:00
0c9bf78e-d92b-451f-9720-bc3a31dc0245,bf62368b-a5ac-47b4-aa7f-249fd01c107c,d4c8ddbd-93f9-416c-a46e-cf3473cd3478,"{'conference_finalists': {'East': 'DET', 'West': 'DEN'}, 'nba_finalists': {'East': 'BOS', 'West': 'OKC'}, 'champion': 'OKC', 'finals_mvp': 'Shai Gilgeous-Alexander'}",2026-04-17T21:01:23.558654+00:00
4cee66f8-455a-45a2-9b46-54f5ac6b88ae,a7845557-892c-4f2c-8b72-b586b79f45f3,6b0db3a3-94d6-4da4-bcbc-c15c17522c22,"{'series': {'play_in-west-9v10': {'winner': 'GSW', 'exact_result': '1-0'}}}",2026-04-18T10:49:46.694694+00:00
b644c0c6-dd0e-4b1a-962b-c58acb5288aa,bf62368b-a5ac-47b4-aa7f-249fd01c107c,f920aeb6-b889-491c-b56c-b222832a72e3,"{'conference_finalists': {'East': 'DET', 'West': 'OKC'}, 'nba_finalists': {'East': 'BOS', 'West': 'SAS'}, 'champion': 'SAS', 'finals_mvp': 'Victor Wembanyama'}",2026-04-18T09:56:34.850397+00:00
d2aee323-7aeb-408d-9341-eb575044008d,bfb8ed40-bc40-4b84-a955-43cd783ea55b,e1e1ee61-376a-4104-b3f4-77920a15cf52,"{'series': {'play_in-east-9v10': {'winner': 'CHA', 'exact_result': '1-0'}}}",2026-04-14T12:01:02.318750+00:00
3c72a8fa-4e40-4495-b533-e3114b5e3acf,a4aec326-554a-4f85-a64e-e2c23743d675,d4c8ddbd-93f9-416c-a46e-cf3473cd3478,"{'series': {'play_in-east-7v8': {'winner': 'ORL', 'exact_result': '1-0'}}}",2026-04-14T13:56:52.260105+00:00
41c8856f-d4d8-4317-aab8-66d65237b203,4bc26f03-a223-4aaf-8cd2-dd5cf28c87ca,d4c8ddbd-93f9-416c-a46e-cf3473cd3478,"{'series': {'play_in-west-7v8': {'winner': 'POR', 'exact_result': '1-0'}}}",2026-04-14T13:56:52.259457+00:00
52be6688-5cbb-403d-b80d-7b1810b744d6,bf62368b-a5ac-47b4-aa7f-249fd01c107c,6b0db3a3-94d6-4da4-bcbc-c15c17522c22,"{'conference_finalists': {'East': 'NYK', 'West': 'SAS'}, 'nba_finalists': {'East': 'BKN', 'West': 'SAS'}, 'champion': 'SAS', 'finals_mvp': 'Nic Claxton'}",2026-04-18T10:49:46.691410+00:00
87adf7e7-78d6-4fe8-9b31-bab5e74736db,bfb8ed40-bc40-4b84-a955-43cd783ea55b,d4c8ddbd-93f9-416c-a46e-cf3473cd3478,"{'series': {'play_in-east-9v10': {'winner': 'CHA', 'exact_result': '1-0'}}}",2026-04-14T13:56:52.258612+00:00
65a37748-06c5-4051-a2dc-db83d588a6ed,8d3b8e1c-ce49-473a-8086-c810d4d333cf,d4c8ddbd-93f9-416c-a46e-cf3473cd3478,"{'series': {'round_1-east-4v5': {'winner': 'CLE', 'exact_result': '4-2'}}}",2026-04-17T21:01:23.559784+00:00
5900ef9a-808b-46be-b1e7-557776311cf8,8d3b8e1c-ce49-473a-8086-c810d4d333cf,6b0db3a3-94d6-4da4-bcbc-c15c17522c22,"{'series': {'round_1-east-4v5': {'winner': 'CLE', 'exact_result': '4-1'}}}",2026-04-18T10:49:46.703617+00:00
01850988-b9e4-4ba2-a1f5-5cdcc1ec7310,a4aec326-554a-4f85-a64e-e2c23743d675,f920aeb6-b889-491c-b56c-b222832a72e3,"{'series': {'play_in-east-7v8': {'winner': 'PHI', 'exact_result': '1-0'}}}",2026-04-15T10:34:57.616253+00:00
a8ab1464-5f75-4148-a963-e4d7a609965f,a7845557-892c-4f2c-8b72-b586b79f45f3,f920aeb6-b889-491c-b56c-b222832a72e3,"{'series': {'play_in-west-9v10': {'winner': 'LAC', 'exact_result': '1-0'}}}",2026-04-15T10:34:57.618104+00:00
9d02e4fc-d924-42c8-9f71-d89eb9d8c4ea,a7845557-892c-4f2c-8b72-b586b79f45f3,e1e1ee61-376a-4104-b3f4-77920a15cf52,"{'series': {'play_in-west-9v10': {'winner': 'LAC', 'exact_result': '1-0'}}}",2026-04-15T13:48:09.737458+00:00
baa73cd0-b256-41ae-bdd6-6b664a2ea0a4,bfb8ed40-bc40-4b84-a955-43cd783ea55b,e7df4352-3364-40ea-bc10-27985f2094dd,"{'series': {'play_in-east-9v10': {'winner': 'CHA', 'exact_result': '1-0'}}}",2026-04-14T11:43:51.275223+00:00
154da0b1-0aa8-4c7e-b955-83d49210f417,a4aec326-554a-4f85-a64e-e2c23743d675,70913c5a-bdbd-40e4-a825-cf1e28460ecc,"{'series': {'play_in-east-7v8': {'winner': 'PHI', 'exact_result': '1-0'}}}",2026-04-14T11:18:46.485688+00:00
5c5f145b-0866-47f1-8723-2cfa5b2534f9,a7845557-892c-4f2c-8b72-b586b79f45f3,70913c5a-bdbd-40e4-a825-cf1e28460ecc,"{'series': {'play_in-west-9v10': {'winner': 'GSW', 'exact_result': '1-0'}}}",2026-04-14T11:18:46.487130+00:00
942eb9c1-d968-44fa-9467-ea6d28ae8cc8,bfb8ed40-bc40-4b84-a955-43cd783ea55b,70913c5a-bdbd-40e4-a825-cf1e28460ecc,"{'series': {'play_in-east-9v10': {'winner': 'MIA', 'exact_result': '1-0'}}}",2026-04-14T11:18:46.481897+00:00
cbe9e114-8261-48c4-a77d-eed5f0cce364,4bc26f03-a223-4aaf-8cd2-dd5cf28c87ca,70913c5a-bdbd-40e4-a825-cf1e28460ecc,"{'series': {'play_in-west-7v8': {'winner': 'POR', 'exact_result': '1-0'}}}",2026-04-14T11:18:46.483226+00:00
d6f349e2-01de-498c-8e09-78d270838204,a7845557-892c-4f2c-8b72-b586b79f45f3,e7df4352-3364-40ea-bc10-27985f2094dd,"{'series': {'play_in-west-9v10': {'winner': 'LAC', 'exact_result': '1-0'}}}",2026-04-14T11:43:51.282896+00:00
d694e972-7d37-49d3-a81f-8fbc2eebf5ec,4bc26f03-a223-4aaf-8cd2-dd5cf28c87ca,e1e1ee61-376a-4104-b3f4-77920a15cf52,"{'series': {'play_in-west-7v8': {'winner': 'POR', 'exact_result': '1-0'}}}",2026-04-14T12:01:02.319921+00:00
777f92e8-8493-45cd-b9a9-beb23322bde4,a4aec326-554a-4f85-a64e-e2c23743d675,87024746-1caa-435d-8dbd-d01ed625a3d8,"{'series': {'play_in-east-7v8': {'winner': 'PHI', 'exact_result': '1-0'}}}",2026-04-15T21:49:19.202767+00:00
07597cfe-9fb0-4914-be7e-9811083fb15d,bfb8ed40-bc40-4b84-a955-43cd783ea55b,87024746-1caa-435d-8dbd-d01ed625a3d8,"{'series': {'play_in-east-9v10': {'winner': 'CHA', 'exact_result': '1-0'}}}",2026-04-14T16:16:00.601192+00:00
f433df1d-d2ff-4cd9-91d7-87c67da3d4e2,4bc26f03-a223-4aaf-8cd2-dd5cf28c87ca,87024746-1caa-435d-8dbd-d01ed625a3d8,"{'series': {'play_in-west-7v8': {'winner': 'POR', 'exact_result': '1-0'}}}",2026-04-14T16:16:00.601194+00:00
398d59ff-f764-4d0a-8fce-ad123c7fcb0e,a4aec326-554a-4f85-a64e-e2c23743d675,e7df4352-3364-40ea-bc10-27985f2094dd,"{'series': {'play_in-east-7v8': {'winner': 'PHI', 'exact_result': '1-0'}}}",2026-04-14T11:43:51.277588+00:00
3c7050fa-37d5-46aa-bf56-3e76ac0be767,4bc26f03-a223-4aaf-8cd2-dd5cf28c87ca,e7df4352-3364-40ea-bc10-27985f2094dd,"{'series': {'play_in-west-7v8': {'winner': 'PHX', 'exact_result': '1-0'}}}",2026-04-14T11:43:51.276494+00:00
9043c0c8-b2a5-478e-9264-505536d61c89,bf62368b-a5ac-47b4-aa7f-249fd01c107c,e7df4352-3364-40ea-bc10-27985f2094dd,"{'conference_finalists': {'East': 'DET', 'West': 'DEN'}, 'nba_finalists': {'East': 'BOS', 'West': 'OKC'}, 'champion': 'OKC', 'finals_mvp': 'Shai Gilgeous-Alexander'}",2026-04-17T03:59:25.928446+00:00
f63eb5e0-8256-4e2c-bc26-1d7295248cad,a7845557-892c-4f2c-8b72-b586b79f45f3,d4c8ddbd-93f9-416c-a46e-cf3473cd3478,"{'series': {'play_in-west-9v10': {'winner': 'GSW', 'exact_result': '1-0'}}}",2026-04-14T13:56:52.261133+00:00
4a2c12f9-15e1-4005-840e-d67fe95c45de,bfb8ed40-bc40-4b84-a955-43cd783ea55b,7748ab7c-7f29-4c4f-a447-d0414e90b879,"{'series': {'play_in-east-9v10': {'winner': 'CHA', 'exact_result': '1-0'}}}",2026-04-14T15:50:57.358236+00:00
873e9f9b-84ca-4c3d-bada-279842e757ab,4bc26f03-a223-4aaf-8cd2-dd5cf28c87ca,7748ab7c-7f29-4c4f-a447-d0414e90b879,"{'series': {'play_in-west-7v8': {'winner': 'PHX', 'exact_result': '1-0'}}}",2026-04-14T15:50:57.363102+00:00
3bcc7d04-2d65-4f56-ba35-15d95c92138f,a4aec326-554a-4f85-a64e-e2c23743d675,7748ab7c-7f29-4c4f-a447-d0414e90b879,"{'series': {'play_in-east-7v8': {'winner': 'PHI', 'exact_result': '1-0'}}}",2026-04-14T15:50:57.363107+00:00
cd544dba-f8e3-4fb9-b7b5-1dc9b19f4781,a7845557-892c-4f2c-8b72-b586b79f45f3,7748ab7c-7f29-4c4f-a447-d0414e90b879,"{'series': {'play_in-west-9v10': {'winner': 'LAC', 'exact_result': '1-0'}}}",2026-04-14T15:50:57.363110+00:00
205dfa23-c865-4e10-8f7d-d936f5803c06,c198190a-2585-4401-8920-82e931c8248b,d4c8ddbd-93f9-416c-a46e-cf3473cd3478,"{'series': {'round_1-west-3v6': {'winner': 'DEN', 'exact_result': '4-3'}}}",2026-04-17T21:01:23.560081+00:00
a292f97c-37d3-4bfe-be73-64a226233f83,8469b70a-0f85-41fa-9d98-b64b54c7b039,d4c8ddbd-93f9-416c-a46e-cf3473cd3478,"{'series': {'round_1-east-3v6': {'winner': 'NYK', 'exact_result': '4-1'}}}",2026-04-17T21:01:23.560373+00:00
5d4d7e07-3a18-44b0-a555-83867cdb096c,bf62368b-a5ac-47b4-aa7f-249fd01c107c,87024746-1caa-435d-8dbd-d01ed625a3d8,"{'conference_finalists': {'East': 'ATL', 'West': 'DEN'}, 'nba_finalists': {'East': 'BOS', 'West': 'OKC'}, 'champion': 'OKC', 'finals_mvp': 'Shai Gilgeous-Alexander'}",2026-04-17T21:40:38.663038+00:00
f5cc6660-9251-405b-a746-346a00fc342b,bf62368b-a5ac-47b4-aa7f-249fd01c107c,70913c5a-bdbd-40e4-a825-cf1e28460ecc,"{'conference_finalists': {'East': 'DET', 'West': 'POR'}, 'nba_finalists': {'East': 'BOS', 'West': 'OKC'}, 'champion': 'OKC', 'finals_mvp': 'Shai Gilgeous-Alexander'}",2026-04-18T09:54:23.275051+00:00
ee7a6b29-533a-4f19-9e60-c71ec0750f22,a7845557-892c-4f2c-8b72-b586b79f45f3,87024746-1caa-435d-8dbd-d01ed625a3d8,"{'series': {'play_in-west-9v10': {'winner': 'LAC', 'exact_result': '1-0'}}}",2026-04-15T21:49:19.203667+00:00
d6f977e5-c579-4fc9-b3a4-71bc8212f917,4ab36831-2140-4f50-baf7-8b245a456928,e1e1ee61-376a-4104-b3f4-77920a15cf52,"{'series': {'round_1-west-4v5': {'winner': 'HOU', 'exact_result': '4-2'}}}",2026-04-18T10:49:46.747239+00:00
02a97532-81e9-4850-b32c-05f250629381,4ab36831-2140-4f50-baf7-8b245a456928,d4c8ddbd-93f9-416c-a46e-cf3473cd3478,"{'series': {'round_1-west-4v5': {'winner': 'HOU', 'exact_result': '4-2'}}}",2026-04-17T21:01:23.560659+00:00
32e722a0-6301-408e-bfe0-da1032095210,8469b70a-0f85-41fa-9d98-b64b54c7b039,e1e1ee61-376a-4104-b3f4-77920a15cf52,"{'series': {'round_1-east-3v6': {'winner': 'NYK', 'exact_result': '4-3'}}}",2026-04-18T10:49:46.746587+00:00
e34aae7c-efd1-43de-90f9-de20b725b897,c198190a-2585-4401-8920-82e931c8248b,e1e1ee61-376a-4104-b3f4-77920a15cf52,"{'series': {'round_1-west-3v6': {'winner': 'DEN', 'exact_result': '4-1'}}}",2026-04-18T10:49:46.746307+00:00
795bcd80-3718-49d1-addd-25fd2f9ed3c5,8469b70a-0f85-41fa-9d98-b64b54c7b039,6b0db3a3-94d6-4da4-bcbc-c15c17522c22,"{'series': {'round_1-east-3v6': {'winner': 'NYK', 'exact_result': '4-0'}}}",2026-04-18T10:49:46.693671+00:00
5ef3b593-5c0b-480e-9f28-1558ce439fec,a7845557-892c-4f2c-8b72-b586b79f45f3,b383818d-87be-4551-baa7-c25bde381875,"{'series': {'play_in-west-9v10': {'winner': 'LAC', 'exact_result': '1-0'}}}",2026-04-14T21:05:30.252505+00:00
73d211d3-0ab0-425a-b3cb-afbb842c5eb7,c198190a-2585-4401-8920-82e931c8248b,b383818d-87be-4551-baa7-c25bde381875,"{'series': {'round_1-west-3v6': {'winner': 'DEN', 'exact_result': '4-2'}}}",2026-04-18T06:55:04.184093+00:00
81367d44-b1fe-445f-8247-cdca6a588513,bfb8ed40-bc40-4b84-a955-43cd783ea55b,b383818d-87be-4551-baa7-c25bde381875,"{'series': {'play_in-east-9v10': {'winner': 'CHA', 'exact_result': '1-0'}}}",2026-04-14T21:05:30.250552+00:00
2ac83e8c-b1a3-452d-bdbb-408b2959c2a7,4ab36831-2140-4f50-baf7-8b245a456928,f920aeb6-b889-491c-b56c-b222832a72e3,"{'series': {'round_1-west-4v5': {'winner': 'HOU', 'exact_result': '4-1'}}}",2026-04-18T09:56:34.852351+00:00
8ed2d3d1-180c-480d-9147-d7d00b98abb2,a4aec326-554a-4f85-a64e-e2c23743d675,b383818d-87be-4551-baa7-c25bde381875,"{'series': {'play_in-east-7v8': {'winner': 'PHI', 'exact_result': '1-0'}}}",2026-04-14T21:05:30.251855+00:00
9b84b105-0a67-4b5a-98a8-eb740aab7084,4bc26f03-a223-4aaf-8cd2-dd5cf28c87ca,b383818d-87be-4551-baa7-c25bde381875,"{'series': {'play_in-west-7v8': {'winner': 'POR', 'exact_result': '1-0'}}}",2026-04-14T21:05:30.251228+00:00
2c353288-cf08-460f-bc6b-a52e77ae3f02,c198190a-2585-4401-8920-82e931c8248b,f920aeb6-b889-491c-b56c-b222832a72e3,"{'series': {'round_1-west-3v6': {'winner': 'DEN', 'exact_result': '4-3'}}}",2026-04-18T09:56:34.851129+00:00
512a464c-8343-4b70-80d2-69e205ba4063,1105e439-1097-48c3-8c90-278cdc4c992d,f920aeb6-b889-491c-b56c-b222832a72e3,"{'series': {'round_1-west-2v7': {'winner': 'SAS', 'exact_result': '4-2'}}}",2026-04-18T09:56:34.853484+00:00
8e9d392e-a977-4fdd-89d9-104bb83a2d4d,8469b70a-0f85-41fa-9d98-b64b54c7b039,b383818d-87be-4551-baa7-c25bde381875,"{'series': {'round_1-east-3v6': {'winner': 'NYK', 'exact_result': '4-1'}}}",2026-04-18T06:55:04.184394+00:00
0f09b80d-e0c8-475d-9188-2d7650306edc,bfb8ed40-bc40-4b84-a955-43cd783ea55b,1f5da3a4-b36a-4c08-a04d-57240be44659,"{'series': {'play_in-east-9v10': {'winner': 'CHA', 'exact_result': '1-0'}}}",2026-04-14T22:01:22.813538+00:00
cfcfd139-ff2a-4425-b180-46dda001469c,4bc26f03-a223-4aaf-8cd2-dd5cf28c87ca,1f5da3a4-b36a-4c08-a04d-57240be44659,"{'series': {'play_in-west-7v8': {'winner': 'POR', 'exact_result': '1-0'}}}",2026-04-14T22:01:22.817336+00:00
c4ff8e44-4581-4a87-a6b2-15e58f1823f2,a4aec326-554a-4f85-a64e-e2c23743d675,1f5da3a4-b36a-4c08-a04d-57240be44659,"{'series': {'play_in-east-7v8': {'winner': 'ORL', 'exact_result': '1-0'}}}",2026-04-14T22:01:22.817340+00:00
8b5cabcf-98bd-472e-b2a9-c6aa174778f7,a7845557-892c-4f2c-8b72-b586b79f45f3,1f5da3a4-b36a-4c08-a04d-57240be44659,"{'series': {'play_in-west-9v10': {'winner': 'LAC', 'exact_result': '1-0'}}}",2026-04-14T22:01:22.817343+00:00
6b8cb818-97df-4c5c-a590-a9fa4503eded,c198190a-2585-4401-8920-82e931c8248b,87024746-1caa-435d-8dbd-d01ed625a3d8,"{'series': {'round_1-west-3v6': {'winner': 'DEN', 'exact_result': '4-2'}}}",2026-04-17T21:40:38.664504+00:00
7ac2219e-2a70-4088-bb24-e70a6a053267,4ab36831-2140-4f50-baf7-8b245a456928,6b0db3a3-94d6-4da4-bcbc-c15c17522c22,"{'series': {'round_1-west-4v5': {'winner': 'HOU', 'exact_result': '4-2'}}}",2026-04-18T10:49:46.695804+00:00
74744b87-acd1-468f-9c8a-8bf3acbca16a,8469b70a-0f85-41fa-9d98-b64b54c7b039,f920aeb6-b889-491c-b56c-b222832a72e3,"{'series': {'round_1-east-3v6': {'winner': 'NYK', 'exact_result': '4-2'}}}",2026-04-18T09:56:34.851727+00:00
7cdf0f63-859f-44c3-9bc1-e4c349d968cc,4bc26f03-a223-4aaf-8cd2-dd5cf28c87ca,6b0db3a3-94d6-4da4-bcbc-c15c17522c22,"{'series': {'play_in-west-7v8': {'winner': 'POR', 'exact_result': '1-0'}}}",2026-04-18T10:49:46.692706+00:00
f454cbb9-6bf5-42c0-9f21-f55c140659f6,1105e439-1097-48c3-8c90-278cdc4c992d,e1e1ee61-376a-4104-b3f4-77920a15cf52,"{'series': {'round_1-west-2v7': {'winner': 'SAS', 'exact_result': '4-1'}}}",2026-04-18T10:49:46.748065+00:00
6eb24456-5416-4b37-bedd-f159afa8b525,8d3b8e1c-ce49-473a-8086-c810d4d333cf,87024746-1caa-435d-8dbd-d01ed625a3d8,"{'series': {'round_1-east-4v5': {'winner': 'CLE', 'exact_result': '4-1'}}}",2026-04-17T21:40:38.664219+00:00
e37916f8-6952-4add-a432-c1377fe03af2,bf62368b-a5ac-47b4-aa7f-249fd01c107c,b383818d-87be-4551-baa7-c25bde381875,"{'conference_finalists': {'East': 'CLE', 'West': 'OKC'}, 'nba_finalists': {'East': 'BOS', 'West': 'DEN'}, 'champion': 'DEN', 'finals_mvp': 'Nikola Jokic'}",2026-04-18T06:55:04.183377+00:00
eb987943-dc59-415e-b82a-2df4562f3844,4ab36831-2140-4f50-baf7-8b245a456928,b383818d-87be-4551-baa7-c25bde381875,"{'series': {'round_1-west-4v5': {'winner': 'HOU', 'exact_result': '4-1'}}}",2026-04-18T06:55:04.185007+00:00
e8a265a9-9c91-4e7e-b95e-67a9602af27c,8d3b8e1c-ce49-473a-8086-c810d4d333cf,f920aeb6-b889-491c-b56c-b222832a72e3,"{'series': {'round_1-east-4v5': {'winner': 'CLE', 'exact_result': '4-3'}}}",2026-04-18T09:56:34.850753+00:00
f609de6e-992b-43fd-be3f-fd1bdac0dfc8,8d3b8e1c-ce49-473a-8086-c810d4d333cf,b383818d-87be-4551-baa7-c25bde381875,"{'series': {'round_1-east-4v5': {'winner': 'CLE', 'exact_result': '4-2'}}}",2026-04-18T06:55:04.183767+00:00
81221f7f-cda2-481f-b341-69cf1359279c,4ab36831-2140-4f50-baf7-8b245a456928,87024746-1caa-435d-8dbd-d01ed625a3d8,"{'series': {'round_1-west-4v5': {'winner': 'HOU', 'exact_result': '4-1'}}}",2026-04-17T21:40:38.665177+00:00
81a0636b-92f5-4750-9dac-97ad239bb7c7,8469b70a-0f85-41fa-9d98-b64b54c7b039,87024746-1caa-435d-8dbd-d01ed625a3d8,"{'series': {'round_1-east-3v6': {'winner': 'ATL', 'exact_result': '4-2'}}}",2026-04-17T21:40:38.664807+00:00
a207ff98-be1c-4482-9e8e-a5561e9f8339,a4aec326-554a-4f85-a64e-e2c23743d675,6b0db3a3-94d6-4da4-bcbc-c15c17522c22,"{'series': {'play_in-east-7v8': {'winner': 'ORL', 'exact_result': '1-0'}}}",2026-04-18T10:49:46.698841+00:00
9a7942e8-8b99-47ce-b588-a3653502a67d,077f7809-1f7b-4376-929b-b0e6aa6c1de9,e1e1ee61-376a-4104-b3f4-77920a15cf52,"{'series': {'play_in-west-8seed': {'winner': 'PHX', 'exact_result': '1-0'}}}",2026-04-17T17:41:19.885484+00:00
09f08e60-0839-4ed9-b84d-99152e2f5140,077f7809-1f7b-4376-929b-b0e6aa6c1de9,f920aeb6-b889-491c-b56c-b222832a72e3,"{'series': {'play_in-west-8seed': {'winner': 'PHX', 'exact_result': '1-0'}}}",2026-04-16T12:20:36.090157+00:00
204db8e3-5484-45d5-8908-ef54e8a8bb7e,c9b06c6d-9002-4924-86fd-d1d8c71dc76b,f920aeb6-b889-491c-b56c-b222832a72e3,"{'series': {'play_in-east-8seed': {'winner': 'CHA', 'exact_result': '1-0'}}}",2026-04-16T12:20:36.089605+00:00
a5e5cf85-19de-48a8-9dfc-018fd9d52a1e,077f7809-1f7b-4376-929b-b0e6aa6c1de9,7748ab7c-7f29-4c4f-a447-d0414e90b879,"{'series': {'play_in-west-8seed': {'winner': 'PHX', 'exact_result': '1-0'}}}",2026-04-16T20:37:54.525827+00:00
d73c36ea-105b-449b-8ff3-994845acadb5,077f7809-1f7b-4376-929b-b0e6aa6c1de9,d4c8ddbd-93f9-416c-a46e-cf3473cd3478,"{'series': {'play_in-west-8seed': {'winner': 'GSW', 'exact_result': '1-0'}}}",2026-04-17T21:01:23.559463+00:00
ac78bf22-224e-4380-ad30-b35495e04e61,bfb8ed40-bc40-4b84-a955-43cd783ea55b,6b0db3a3-94d6-4da4-bcbc-c15c17522c22,"{'series': {'play_in-east-9v10': {'winner': 'MIA', 'exact_result': '1-0'}}}",2026-04-18T10:49:46.697963+00:00
b49cb85f-c167-44d3-ace2-54893636a6af,8d3b8e1c-ce49-473a-8086-c810d4d333cf,e1e1ee61-376a-4104-b3f4-77920a15cf52,"{'series': {'round_1-east-4v5': {'winner': 'CLE', 'exact_result': '4-1'}}}",2026-04-18T10:49:46.746014+00:00
dfd5d667-a55e-401e-8e27-f1fee5ad10b1,c9b06c6d-9002-4924-86fd-d1d8c71dc76b,d4c8ddbd-93f9-416c-a46e-cf3473cd3478,"{'series': {'play_in-east-8seed': {'winner': 'ORL', 'exact_result': '1-0'}}}",2026-04-17T21:01:23.559101+00:00
0bb7a76c-b21a-486b-888a-51a82205ac4e,87b3483f-3b62-4e0d-869c-c8925ecc76a1,e1e1ee61-376a-4104-b3f4-77920a15cf52,"{'series': {'round_1-east-2v7': {'winner': 'BOS', 'exact_result': '4-2'}}}",2026-04-18T10:49:46.747531+00:00
4b22f8e3-f723-49de-87db-4c0512a5cd65,87b3483f-3b62-4e0d-869c-c8925ecc76a1,6b0db3a3-94d6-4da4-bcbc-c15c17522c22,"{'series': {'round_1-east-2v7': {'winner': 'BOS', 'exact_result': '4-2'}}}",2026-04-18T10:49:46.701425+00:00
55f1a8a3-bc66-4121-a49d-a14ef4955593,8469b70a-0f85-41fa-9d98-b64b54c7b039,7748ab7c-7f29-4c4f-a447-d0414e90b879,"{'series': {'round_1-east-3v6': {'winner': 'NYK', 'exact_result': '4-0'}}}",2026-04-18T06:34:02.691965+00:00
89fece25-b60f-43a2-b780-22049b746b29,c198190a-2585-4401-8920-82e931c8248b,6b0db3a3-94d6-4da4-bcbc-c15c17522c22,"{'series': {'round_1-west-3v6': {'winner': 'MIN', 'exact_result': '4-1'}}}",2026-04-18T10:49:46.696914+00:00
9221c011-f914-40b5-890c-75caa3f5444e,c9b06c6d-9002-4924-86fd-d1d8c71dc76b,6b0db3a3-94d6-4da4-bcbc-c15c17522c22,"{'series': {'play_in-east-8seed': {'winner': 'ORL', 'exact_result': '1-0'}}}",2026-04-18T10:49:46.699715+00:00
f93bc768-d04a-493b-bd40-c5d1b2ae53e6,077f7809-1f7b-4376-929b-b0e6aa6c1de9,6b0db3a3-94d6-4da4-bcbc-c15c17522c22,"{'series': {'play_in-west-8seed': {'winner': 'GSW', 'exact_result': '1-0'}}}",2026-04-18T10:49:46.700558+00:00
39d16831-4f19-413a-ae51-d77a0451c9c3,c9b06c6d-9002-4924-86fd-d1d8c71dc76b,7748ab7c-7f29-4c4f-a447-d0414e90b879,"{'series': {'play_in-east-8seed': {'winner': 'ORL', 'exact_result': '1-0'}}}",2026-04-16T20:37:54.525287+00:00
fe786a8f-f397-4e0d-849c-19a76c3e471d,1105e439-1097-48c3-8c90-278cdc4c992d,6b0db3a3-94d6-4da4-bcbc-c15c17522c22,"{'series': {'round_1-west-2v7': {'winner': 'POR', 'exact_result': '4-3'}}}",2026-04-18T10:49:46.704247+00:00
7fb33524-19ea-4d81-b5c0-bfedf8dffa86,c9b06c6d-9002-4924-86fd-d1d8c71dc76b,e1e1ee61-376a-4104-b3f4-77920a15cf52,"{'series': {'play_in-east-8seed': {'winner': 'CHA', 'exact_result': '1-0'}}}",2026-04-17T17:41:19.885059+00:00
b0c6c604-b6e1-49a1-bb02-252c0acf5fae,c198190a-2585-4401-8920-82e931c8248b,7748ab7c-7f29-4c4f-a447-d0414e90b879,"{'series': {'round_1-west-3v6': {'winner': 'DEN', 'exact_result': '4-1'}}}",2026-04-18T06:34:02.691661+00:00
bca27039-e522-4796-b22a-c6bbeb068652,8d3b8e1c-ce49-473a-8086-c810d4d333cf,7748ab7c-7f29-4c4f-a447-d0414e90b879,"{'series': {'round_1-east-4v5': {'winner': 'CLE', 'exact_result': '4-2'}}}",2026-04-18T06:34:02.691350+00:00
e72b6aa9-30fb-46d1-8c38-ff9f87d7b2f5,bf62368b-a5ac-47b4-aa7f-249fd01c107c,7748ab7c-7f29-4c4f-a447-d0414e90b879,"{'conference_finalists': {'East': 'DET', 'West': 'DEN'}, 'nba_finalists': {'East': 'BOS', 'West': 'SAS'}, 'champion': 'SAS', 'finals_mvp': 'Victor Wembanyama'}",2026-04-18T06:34:02.690951+00:00
9321a15d-0fb7-44cd-b522-00fc778536f9,c9b06c6d-9002-4924-86fd-d1d8c71dc76b,1a35f790-9ef7-482d-a052-d8da61f982aa,"{'series': {'play_in-east-8seed': {'winner': 'CHA', 'exact_result': '1-0'}}}",2026-04-17T19:45:04.597036+00:00
d6f613a9-8a5c-4959-aae7-9613251b40a2,077f7809-1f7b-4376-929b-b0e6aa6c1de9,1a35f790-9ef7-482d-a052-d8da61f982aa,"{'series': {'play_in-west-8seed': {'winner': 'PHX', 'exact_result': '1-0'}}}",2026-04-17T19:45:04.599788+00:00
a7913451-ef38-4dfb-9de8-8dfb9c67d038,c9b06c6d-9002-4924-86fd-d1d8c71dc76b,70913c5a-bdbd-40e4-a825-cf1e28460ecc,"{'series': {'play_in-east-8seed': {'winner': 'ORL', 'exact_result': '1-0'}}}",2026-04-16T12:26:05.691125+00:00
eb3c7b31-f1ce-4bfb-a478-4a47757ba05f,077f7809-1f7b-4376-929b-b0e6aa6c1de9,70913c5a-bdbd-40e4-a825-cf1e28460ecc,"{'series': {'play_in-west-8seed': {'winner': 'GSW', 'exact_result': '1-0'}}}",2026-04-16T12:26:05.691130+00:00
10f65755-c75d-403a-8e57-25cae4957769,87b3483f-3b62-4e0d-869c-c8925ecc76a1,d4c8ddbd-93f9-416c-a46e-cf3473cd3478,"{'series': {'round_1-east-2v7': {'winner': 'BOS', 'exact_result': '4-0'}}}",2026-04-17T21:01:23.564506+00:00
4a77edae-9f71-48f0-8edf-69e99aa9943a,1105e439-1097-48c3-8c90-278cdc4c992d,d4c8ddbd-93f9-416c-a46e-cf3473cd3478,"{'series': {'round_1-west-2v7': {'winner': 'SAS', 'exact_result': '4-1'}}}",2026-04-17T21:01:23.564512+00:00
289bcedb-5630-4f8a-8548-3ad07ceec087,077f7809-1f7b-4376-929b-b0e6aa6c1de9,87024746-1caa-435d-8dbd-d01ed625a3d8,"{'series': {'play_in-west-8seed': {'winner': 'GSW', 'exact_result': '1-0'}}}",2026-04-17T21:40:38.663903+00:00
906b4450-e5a8-4bb8-bc48-8b10f90caf94,c9b06c6d-9002-4924-86fd-d1d8c71dc76b,87024746-1caa-435d-8dbd-d01ed625a3d8,"{'series': {'play_in-east-8seed': {'winner': 'CHA', 'exact_result': '1-0'}}}",2026-04-17T21:40:38.663487+00:00
d17c8e83-4b13-46a0-9975-75bdf8498b23,1105e439-1097-48c3-8c90-278cdc4c992d,87024746-1caa-435d-8dbd-d01ed625a3d8,"{'series': {'round_1-west-2v7': {'winner': 'SAS', 'exact_result': '4-2'}}}",2026-04-17T21:40:38.665828+00:00
e635470f-8c60-4777-98f9-62b82d25a708,87b3483f-3b62-4e0d-869c-c8925ecc76a1,87024746-1caa-435d-8dbd-d01ed625a3d8,"{'series': {'round_1-east-2v7': {'winner': 'BOS', 'exact_result': '4-1'}}}",2026-04-17T21:40:38.668760+00:00
a764c874-1d57-4bbe-9936-070b462babab,c9b06c6d-9002-4924-86fd-d1d8c71dc76b,1f5da3a4-b36a-4c08-a04d-57240be44659,"{'series': {'play_in-east-8seed': {'winner': 'CHA', 'exact_result': '1-0'}}}",2026-04-17T21:56:05.783711+00:00
03aa4c6e-8cac-4183-b94c-f714fb535b59,8469b70a-0f85-41fa-9d98-b64b54c7b039,e7df4352-3364-40ea-bc10-27985f2094dd,"{'series': {'round_1-east-3v6': {'winner': 'NYK', 'exact_result': '4-1'}}}",2026-04-17T03:59:25.931468+00:00
2b64dc64-035c-4425-880e-96ebda69f694,c198190a-2585-4401-8920-82e931c8248b,e7df4352-3364-40ea-bc10-27985f2094dd,"{'series': {'round_1-west-3v6': {'winner': 'DEN', 'exact_result': '4-2'}}}",2026-04-17T03:59:25.929709+00:00
5eca9af3-1d67-4ee5-af0d-89f706fd2687,87b3483f-3b62-4e0d-869c-c8925ecc76a1,e7df4352-3364-40ea-bc10-27985f2094dd,"{'series': {'round_1-east-2v7': {'winner': 'BOS', 'exact_result': '4-1'}}}",2026-04-17T03:59:25.932907+00:00
33517b1c-2dd2-4c84-a2b5-837b8a7cdcbc,077f7809-1f7b-4376-929b-b0e6aa6c1de9,e7df4352-3364-40ea-bc10-27985f2094dd,"{'series': {'play_in-west-8seed': {'winner': 'GSW', 'exact_result': '1-0'}}}",2026-04-16T15:45:22.984289+00:00
c2447e86-b700-4269-9941-34cb9330b327,077f7809-1f7b-4376-929b-b0e6aa6c1de9,1f5da3a4-b36a-4c08-a04d-57240be44659,"{'series': {'play_in-west-8seed': {'winner': 'GSW', 'exact_result': '1-0'}}}",2026-04-17T21:56:05.784099+00:00
69faabf6-13a2-47bb-881c-fe8129618fbc,c9b06c6d-9002-4924-86fd-d1d8c71dc76b,e7df4352-3364-40ea-bc10-27985f2094dd,"{'series': {'play_in-east-8seed': {'winner': 'ORL', 'exact_result': '1-0'}}}",2026-04-16T15:45:22.983763+00:00
141ab93f-4768-4ed0-8282-35ff2f5c9d53,cecee9a9-beff-4001-98fe-aa91ec0e06c3,b383818d-87be-4551-baa7-c25bde381875,"{'series': {'round_1-east-1v8': {'winner': 'DET', 'exact_result': '4-2'}}}",2026-04-18T06:55:04.184689+00:00
39010c87-f5a0-464c-87f6-7116c1d3d1bf,8469b70a-0f85-41fa-9d98-b64b54c7b039,70913c5a-bdbd-40e4-a825-cf1e28460ecc,"{'series': {'round_1-east-3v6': {'winner': 'NYK', 'exact_result': '4-3'}}}",2026-04-18T09:54:23.276124+00:00
9a98f16d-bb86-47e1-8849-853fd8e11d3f,8d3b8e1c-ce49-473a-8086-c810d4d333cf,e7df4352-3364-40ea-bc10-27985f2094dd,"{'series': {'round_1-east-4v5': {'winner': 'TOR', 'exact_result': '4-1'}}}",2026-04-17T03:59:25.929133+00:00
e5b01153-ab89-44eb-b166-78f045a9e6c9,4ab36831-2140-4f50-baf7-8b245a456928,e7df4352-3364-40ea-bc10-27985f2094dd,"{'series': {'round_1-west-4v5': {'winner': 'HOU', 'exact_result': '4-2'}}}",2026-04-17T03:59:25.932071+00:00
62e74f88-4a21-4e23-9d90-9caf817b391a,c198190a-2585-4401-8920-82e931c8248b,70913c5a-bdbd-40e4-a825-cf1e28460ecc,"{'series': {'round_1-west-3v6': {'winner': 'DEN', 'exact_result': '4-1'}}}",2026-04-18T09:54:23.275741+00:00
847604ec-3bdd-484e-bd8b-6b189ba5f0c4,87b3483f-3b62-4e0d-869c-c8925ecc76a1,70913c5a-bdbd-40e4-a825-cf1e28460ecc,"{'series': {'round_1-east-2v7': {'winner': 'BOS', 'exact_result': '4-1'}}}",2026-04-18T09:54:23.277047+00:00
a7ce3d73-04ec-4d69-a4d9-bbce7941c531,8d3b8e1c-ce49-473a-8086-c810d4d333cf,70913c5a-bdbd-40e4-a825-cf1e28460ecc,"{'series': {'round_1-east-4v5': {'winner': 'CLE', 'exact_result': '4-2'}}}",2026-04-18T09:54:23.275438+00:00
46ea4299-f6b7-4618-9587-f25c68e95b07,3d94ef2d-ecf8-4c86-9fdf-5d274283651b,6b0db3a3-94d6-4da4-bcbc-c15c17522c22,"{'series': {'round_1-west-1v8': {'winner': 'PHX', 'exact_result': '4-2'}}}",2026-04-18T10:49:46.702128+00:00
6987342b-29ab-45ce-b754-ac709e36727e,3d94ef2d-ecf8-4c86-9fdf-5d274283651b,7748ab7c-7f29-4c4f-a447-d0414e90b879,"{'series': {'round_1-west-1v8': {'winner': 'OKC', 'exact_result': '4-1'}}}",2026-04-18T06:34:02.692907+00:00
8df8d8d1-a632-4add-833c-5b8334beecd8,4ab36831-2140-4f50-baf7-8b245a456928,7748ab7c-7f29-4c4f-a447-d0414e90b879,"{'series': {'round_1-west-4v5': {'winner': 'LAL', 'exact_result': '4-3'}}}",2026-04-18T06:34:02.692256+00:00
e53946bb-bbe7-42fa-8c62-7107670c7605,87b3483f-3b62-4e0d-869c-c8925ecc76a1,7748ab7c-7f29-4c4f-a447-d0414e90b879,"{'series': {'round_1-east-2v7': {'winner': 'BOS', 'exact_result': '4-1'}}}",2026-04-18T06:34:02.692552+00:00
17db8b7d-ad15-4e05-84b0-d61f7ab892bf,1105e439-1097-48c3-8c90-278cdc4c992d,b383818d-87be-4551-baa7-c25bde381875,"{'series': {'round_1-west-2v7': {'winner': 'SAS', 'exact_result': '4-1'}}}",2026-04-18T06:55:04.185990+00:00
5b0046b0-a6d7-477d-89eb-5c90f766500f,3d94ef2d-ecf8-4c86-9fdf-5d274283651b,b383818d-87be-4551-baa7-c25bde381875,"{'series': {'round_1-west-1v8': {'winner': 'OKC', 'exact_result': '4-0'}}}",2026-04-18T06:55:04.185603+00:00
5ec8bda4-7f25-4684-baf2-aed7accf27b9,87b3483f-3b62-4e0d-869c-c8925ecc76a1,b383818d-87be-4551-baa7-c25bde381875,"{'series': {'round_1-east-2v7': {'winner': 'BOS', 'exact_result': '4-1'}}}",2026-04-18T06:55:04.185305+00:00
39c15342-2b68-4312-9805-09c65811e3de,bf62368b-a5ac-47b4-aa7f-249fd01c107c,1a35f790-9ef7-482d-a052-d8da61f982aa,"{'conference_finalists': {'East': 'DET', 'West': 'DEN'}, 'nba_finalists': {'East': 'BOS', 'West': 'OKC'}, 'champion': 'OKC', 'finals_mvp': 'Shai Gilgeous-Alexander'}",2026-04-18T06:56:48.433503+00:00
16c95da0-470c-4dce-879d-29671038418b,cecee9a9-beff-4001-98fe-aa91ec0e06c3,70913c5a-bdbd-40e4-a825-cf1e28460ecc,"{'series': {'round_1-east-1v8': {'winner': 'DET', 'exact_result': '4-1'}}}",2026-04-18T09:54:23.276424+00:00
df689011-3c83-4e63-bd4e-5e7b0b6e9a14,4ab36831-2140-4f50-baf7-8b245a456928,70913c5a-bdbd-40e4-a825-cf1e28460ecc,"{'series': {'round_1-west-4v5': {'winner': 'HOU', 'exact_result': '4-1'}}}",2026-04-18T09:54:23.276719+00:00
eda01edb-e214-4f01-b9f1-4b6531909347,1105e439-1097-48c3-8c90-278cdc4c992d,70913c5a-bdbd-40e4-a825-cf1e28460ecc,"{'series': {'round_1-west-2v7': {'winner': 'POR', 'exact_result': '4-3'}}}",2026-04-18T09:54:23.277645+00:00
3d8facbf-9a46-4220-b343-66af6f5b6451,3d94ef2d-ecf8-4c86-9fdf-5d274283651b,70913c5a-bdbd-40e4-a825-cf1e28460ecc,"{'series': {'round_1-west-1v8': {'winner': 'OKC', 'exact_result': '4-1'}}}",2026-04-18T09:54:23.280410+00:00
1bf658f2-fc70-4d82-b084-02af3a82d151,87b3483f-3b62-4e0d-869c-c8925ecc76a1,f920aeb6-b889-491c-b56c-b222832a72e3,"{'series': {'round_1-east-2v7': {'winner': 'BOS', 'exact_result': '4-1'}}}",2026-04-18T09:56:34.852749+00:00
25e05216-93da-4a95-b6bc-7f095fbfad30,3d94ef2d-ecf8-4c86-9fdf-5d274283651b,f920aeb6-b889-491c-b56c-b222832a72e3,"{'series': {'round_1-west-1v8': {'winner': 'OKC', 'exact_result': '4-1'}}}",2026-04-18T09:56:34.853173+00:00
67594be5-5fa4-4977-a2f2-a2ba229aad41,cecee9a9-beff-4001-98fe-aa91ec0e06c3,6b0db3a3-94d6-4da4-bcbc-c15c17522c22,"{'series': {'round_1-east-1v8': {'winner': 'ORL', 'exact_result': '4-0'}}}",2026-04-18T10:49:46.702864+00:00
53f79d16-b5e3-43fd-84d8-bcfc2449c67c,cecee9a9-beff-4001-98fe-aa91ec0e06c3,e1e1ee61-376a-4104-b3f4-77920a15cf52,"{'series': {'round_1-east-1v8': {'winner': 'DET', 'exact_result': '4-1'}}}",2026-04-18T10:49:46.751961+00:00
4082bee9-9d15-45b4-961b-e5b08adb2c41,3d94ef2d-ecf8-4c86-9fdf-5d274283651b,e1e1ee61-376a-4104-b3f4-77920a15cf52,"{'series': {'round_1-west-1v8': {'winner': 'OKC', 'exact_result': '4-0'}}}",2026-04-18T10:49:46.751966+00:00
